eleicao_teste,turno,modelo,eleicoes_treino,mae_pp,rmse_pp,mae_pp_ponderado_votos,acerto_mais_votado_municipio_pct,n_municipios,n_candidatos,erro_nacional_mae_pp,erro_nacional_max_pp,epocas_medias
2010,1,Rede neural (MLP),"2002, 2006",3.7477412072424667,6.4576070458736075,4.971757341619879,76.27622377622377,5720,9,4.1304054181885235,17.538500815642337,6.0
2010,1,Referência: persistência partidária,"2002, 2006",3.7061084916225204,7.072469785772346,4.91100306109583,77.22027972027972,5720,9,4.271254365689303,19.220644645601862,
2010,1,Referência: divisão igual,"2002, 2006",15.286035814792177,20.131512129395574,14.807447934787222,73.42657342657343,5720,9,14.558867655141661,35.7944526594248,
2010,2,Rede neural (MLP),"2002, 2006",7.315996159908274,8.990022074761638,6.439410994972703,81.08391608391608,5720,2,4.153541922129442,4.1535419221294445,6.0
2010,2,Referência: persistência partidária,"2002, 2006",6.586928950696072,8.592458328480735,6.574502605832269,84.63286713286713,5720,2,4.79477118203524,4.79477118203524,
2010,2,Referência: divisão igual,"2002, 2006",14.409577223662826,18.06727724066616,12.425483404197726,68.84615384615384,5720,2,6.053019709650084,6.053019709650087,
2014,1,Rede neural (MLP),"2002, 2006, 2010",2.831701552009778,6.313040294061783,3.8406954915130833,80.81038414313278,5701,11,3.5205740699797166,17.808826846153643,4.0
2014,1,Referência: persistência partidária,"2002, 2006, 2010",2.7773317569964417,5.638809658061179,3.629717862415335,82.07332047009297,5701,11,2.7782055826202448,14.96368094572748,
2014,1,Referência: divisão igual,"2002, 2006, 2010",13.126780520281875,18.508036136588835,12.674768558027067,33.71338361690931,5701,11,12.579528355848298,32.50309840364489,
2014,2,Rede neural (MLP),"2002, 2006, 2010",8.246072731975856,11.001687623153519,8.681556743789958,81.56463778284511,5701,2,7.290620097678232,7.290620097678241,4.0
2014,2,Referência: persistência partidária,"2002, 2006, 2010",6.760297291206557,8.719299909358623,7.535530456876568,85.12541659358007,5701,2,4.4350685723459655,4.435068572345968,
2014,2,Referência: divisão igual,"2002, 2006, 2010",16.408511151283243,19.83601259723437,14.436059663031893,37.95825293808104,5701,2,1.6391361023653546,1.6391361023653572,
2018,1,Rede neural (MLP),"2002, 2006, 2010, 2014",8.37831686790568,16.523414254764358,9.611606551890867,37.894183601962155,5708,13,8.862010064098367,44.030108460052055,7.0
2018,1,Referência: persistência partidária,"2002, 2006, 2010, 2014",8.176829252210801,16.427430021326387,9.80173612540315,44.639103013314646,5708,13,9.68688135393665,45.9316477620999,
2018,1,Referência: divisão igual,"2002, 2006, 2010, 2014",10.523122412800937,16.279830841046152,10.113318360112023,0.0,5708,13,9.953498137310843,38.339140438895946,
2018,2,Rede neural (MLP),"2002, 2006, 2010, 2014",36.00551324399188,40.83579576870898,37.744963449832106,49.754730203223545,5708,2,37.60096665215595,37.600966652155954,7.0
2018,2,Referência: persistência partidária,"2002, 2006, 2010, 2014",46.76292491477522,51.754447637151905,54.91404133164214,49.754730203223545,5708,2,54.91218100413884,54.91218100413884,
2018,2,Referência: divisão igual,"2002, 2006, 2010, 2014",19.45888486475788,22.45012571362304,18.039391884029754,49.754730203223545,5708,2,5.130231280030584,5.130231280030584,
2022,1,Rede neural (MLP),"2002, 2006, 2010, 2014, 2018",9.993196072809495,17.353075436687753,10.61831274001612,31.114225648213033,5708,11,10.484401402919845,34.00940621324613,1.0
2022,1,Referência: persistência partidária,"2002, 2006, 2010, 2014, 2018",6.317613881873021,12.341092389834712,7.20060644880851,84.40784863349685,5708,11,7.195810595264317,31.703322681923655,
2022,1,Referência: divisão igual,"2002, 2006, 2010, 2014, 2018",13.72853985756753,19.632201401218822,13.356809730360814,0.0,5708,11,13.353900769545008,39.33981076895965,
2022,2,Rede neural (MLP),"2002, 2006, 2010, 2014, 2018",15.175447409411253,17.35267148585155,14.58724394207472,69.36416184971098,5709,2,13.887963930201693,13.887963930201702,1.0
2022,2,Referência: persistência partidária,"2002, 2006, 2010, 2014, 2018",4.844606754936427,6.148144031355726,5.20450107045672,92.78332457523209,5709,2,1.9548574154988063,1.9548574154988119,
2022,2,Referência: divisão igual,"2002, 2006, 2010, 2014, 2018",16.491301881910967,19.73721380557202,12.626704676203264,43.89560343317569,5709,2,0.9024051171721559,0.9024051171721559,
