ano,turno,candidato,peso_agregacao,pct_estimado,nome_urna,partido,pct_oficial,erro_pp,modelo
2010,1,DILMA VANA ROUSSEFF,103667077.46156986,0.45857240204329897,DILMA,PT,0.4690556377053591,-1.0483235662060109,Rede neural (MLP)
2010,1,IVAN MARTINS PINHEIRO,103667077.46156986,0.01790497537180301,IVAN PINHEIRO,PCB,0.000385234187018106,1.75197411847849,Rede neural (MLP)
2010,1,JOSE LEVY FIDELIX DA CRUZ,103667077.46156986,0.01790497537180301,LEVY FIDELIX,PRTB,0.0005705277360887526,1.7334447635714254,Rede neural (MLP)
2010,1,JOSE MARIA DE ALMEIDA,103667077.46156986,0.0021667547571260016,ZÉ MARIA,PSTU,0.0008328464669208639,0.13339082902051377,Rede neural (MLP)
2010,1,JOSE MARIA EYMAEL,103667077.46156986,0.0013257556549175027,EYMAEL,PSDC,0.0008795143757682893,0.04462412791492134,Rede neural (MLP)
2010,1,JOSE SERRA,103667077.46156986,0.4270249487068826,JOSÉ SERRA,PSDB,0.32613675658112257,10.088819212576006,Rede neural (MLP)
2010,1,MARIA OSMARINA MARINA DA SILVA VAZ DE LIMA,103667077.46156986,0.01790497537180301,MARINA SILVA,PV,0.1932899835282264,-17.538500815642337,Rede neural (MLP)
2010,1,PLINIO SOARES DE ARRUDA SAMPAIO,103667077.46156986,0.05502845796523997,PLÍNIO,PSOL,0.008729349979421727,4.6299107985818235,Rede neural (MLP)
2010,1,RUI COSTA PIMENTA,103667077.46156986,0.0021667547571260016,RUI COSTA PIMENTA,PCO,0.00012014944007417727,0.20466053170518245,Rede neural (MLP)
2010,1,DILMA VANA ROUSSEFF,103667077.46156986,0.4968119760414318,DILMA,PT,0.4690556377053591,2.7756338336072717,Referência: persistência partidária
2010,1,IVAN MARTINS PINHEIRO,103667077.46156986,0.001083537072207798,IVAN PINHEIRO,PCB,0.000385234187018106,0.06983028851896919,Referência: persistência partidária
2010,1,JOSE LEVY FIDELIX DA CRUZ,103667077.46156986,0.001083537072207798,LEVY FIDELIX,PRTB,0.0005705277360887526,0.05130093361190454,Referência: persistência partidária
2010,1,JOSE MARIA DE ALMEIDA,103667077.46156986,0.001083537072207798,ZÉ MARIA,PSTU,0.0008328464669208639,0.02506906052869341,Referência: persistência partidária
2010,1,JOSE MARIA EYMAEL,103667077.46156986,0.0017910901175600534,EYMAEL,PSDC,0.0008795143757682893,0.09115757417917641,Referência: persistência partidária
2010,1,JOSE SERRA,103667077.46156986,0.4246415791773908,JOSÉ SERRA,PSDB,0.32613675658112257,9.850482259626824,Referência: persistência partidária
2010,1,MARIA OSMARINA MARINA DA SILVA VAZ DE LIMA,103667077.46156986,0.001083537072207798,MARINA SILVA,PV,0.1932899835282264,-19.220644645601862,Referência: persistência partidária
2010,1,PLINIO SOARES DE ARRUDA SAMPAIO,103667077.46156986,0.0713376693025784,PLÍNIO,PSOL,0.008729349979421727,6.260831932315668,Referência: persistência partidária
2010,1,RUI COSTA PIMENTA,103667077.46156986,0.001083537072207798,RUI COSTA PIMENTA,PCO,0.00012014944007417727,0.09633876321336207,Referência: persistência partidária
2010,1,DILMA VANA ROUSSEFF,103667077.46156986,0.1111111111111111,DILMA,PT,0.4690556377053591,-35.7944526594248,Referência: divisão igual
2010,1,IVAN MARTINS PINHEIRO,103667077.46156986,0.1111111111111111,IVAN PINHEIRO,PCB,0.000385234187018106,11.0725876924093,Referência: divisão igual
2010,1,JOSE LEVY FIDELIX DA CRUZ,103667077.46156986,0.1111111111111111,LEVY FIDELIX,PRTB,0.0005705277360887526,11.054058337502235,Referência: divisão igual
2010,1,JOSE MARIA DE ALMEIDA,103667077.46156986,0.1111111111111111,ZÉ MARIA,PSTU,0.0008328464669208639,11.027826464419025,Referência: divisão igual
2010,1,JOSE MARIA EYMAEL,103667077.46156986,0.1111111111111111,EYMAEL,PSDC,0.0008795143757682893,11.023159673534282,Referência: divisão igual
2010,1,JOSE SERRA,103667077.46156986,0.1111111111111111,JOSÉ SERRA,PSDB,0.32613675658112257,-21.502564547001146,Referência: divisão igual
2010,1,MARIA OSMARINA MARINA DA SILVA VAZ DE LIMA,103667077.46156986,0.1111111111111111,MARINA SILVA,PV,0.1932899835282264,-8.21788724171153,Referência: divisão igual
2010,1,PLINIO SOARES DE ARRUDA SAMPAIO,103667077.46156986,0.1111111111111111,PLÍNIO,PSOL,0.008729349979421727,10.238176113168938,Referência: divisão igual
2010,1,RUI COSTA PIMENTA,103667077.46156986,0.1111111111111111,RUI COSTA PIMENTA,PCO,0.00012014944007417727,11.099096167103694,Referência: divisão igual
2010,2,DILMA VANA ROUSSEFF,103479101.37048337,0.5189947778752064,DILMA,PT,0.5605301970965009,-4.1535419221294445,Rede neural (MLP)
2010,2,JOSE SERRA,103479101.37048337,0.4810052221247936,JOSÉ SERRA,PSDB,0.4394698029034992,4.153541922129439,Rede neural (MLP)
2010,2,DILMA VANA ROUSSEFF,103479101.37048337,0.6084779089168533,DILMA,PT,0.5605301970965009,4.79477118203524,Referência: persistência partidária
2010,2,JOSE SERRA,103479101.37048337,0.3915220910831468,JOSÉ SERRA,PSDB,0.4394698029034992,-4.79477118203524,Referência: persistência partidária
2010,2,DILMA VANA ROUSSEFF,103479101.37048337,0.5,DILMA,PT,0.5605301970965009,-6.053019709650087,Referência: divisão igual
2010,2,JOSE SERRA,103479101.37048337,0.5,JOSÉ SERRA,PSDB,0.4394698029034992,6.053019709650082,Referência: divisão igual
2014,1,AECIO NEVES DA CUNHA,106868416.80726749,0.4112247738871867,AÉCIO NEVES,PSDB,0.3354733275370958,7.5751446350090905,Rede neural (MLP)
2014,1,DILMA VANA ROUSSEFF,106868416.80726749,0.4997066625046341,DILMA,PT,0.41594007494553986,8.376658755909421,Rede neural (MLP)
2014,1,EDUARDO JORGE MARTINS ALVES SOBRINHO,106868416.80726749,0.018942834737704035,EDUARDO JORGE,PV,0.006057257934102428,1.2885576803601608,Rede neural (MLP)
2014,1,EVERALDO DIAS PEREIRA,106868416.80726749,0.025531959591765113,PASTOR EVERALDO,PSC,0.0075032154660142104,1.8028744125750902,Rede neural (MLP)
2014,1,JOSE LEVY FIDELIX DA CRUZ,106868416.80726749,0.0006680765261127959,LEVY FIDELIX,PRTB,0.004295920658620034,-0.36278441325072386,Rede neural (MLP)
2014,1,JOSE MARIA DE ALMEIDA,106868416.80726749,0.0006827071642826909,ZÉ MARIA,PSTU,0.0008768089441683741,-0.019410177988568318,Rede neural (MLP)
2014,1,JOSE MARIA EYMAEL,106868416.80726749,0.0006848683185465271,EYMAEL,PSDC,0.0005888075500259066,0.009606076852062054,Rede neural (MLP)
2014,1,LUCIANA KREBS GENRO,106868416.80726749,0.003776881975592884,LUCIANA GENRO,PSOL,0.01549824145054802,-1.1721359474955138,Rede neural (MLP)
2014,1,MARIA OSMARINA MARINA DA SILVA VAZ DE LIMA,106868416.80726749,0.03509966135475696,MARINA SILVA,PSB,0.2131879298162934,-17.808826846153643,Rede neural (MLP)
2014,1,MAURO LUIS IASI,106868416.80726749,0.003037345172426272,MAURO IASI,PCB,0.00045994281193452246,0.25774023604917495,Rede neural (MLP)
2014,1,RUI COSTA PIMENTA,106868416.80726749,0.0006442287669918028,RUI COSTA PIMENTA,PCO,0.00011847288565745751,0.05257558813343453,Rede neural (MLP)
2014,1,AECIO NEVES DA CUNHA,106868416.80726749,0.2749975333561717,AÉCIO NEVES,PSDB,0.3354733275370958,-6.047579418092408,Referência: persistência partidária
2014,1,DILMA VANA ROUSSEFF,106868416.80726749,0.39834867883410824,DILMA,PT,0.41594007494553986,-1.7591396111431623,Referência: persistência partidária
2014,1,EDUARDO JORGE MARTINS ALVES SOBRINHO,106868416.80726749,0.15569406739137723,EDUARDO JORGE,PV,0.006057257934102428,14.96368094572748,Referência: persistência partidária
2014,1,EVERALDO DIAS PEREIRA,106868416.80726749,0.0008358829778494344,PASTOR EVERALDO,PSC,0.0075032154660142104,-0.6667332488164776,Referência: persistência partidária
2014,1,JOSE LEVY FIDELIX DA CRUZ,106868416.80726749,0.0013225102926341138,LEVY FIDELIX,PRTB,0.004295920658620034,-0.29734103659859207,Referência: persistência partidária
2014,1,JOSE MARIA DE ALMEIDA,106868416.80726749,0.0015303363520029786,ZÉ MARIA,PSTU,0.0008768089441683741,0.06535274078346046,Referência: persistência partidária
2014,1,JOSE MARIA EYMAEL,106868416.80726749,0.0015715754940758089,EYMAEL,PSDC,0.0005888075500259066,0.09827679440499024,Referência: persistência partidária
2014,1,LUCIANA KREBS GENRO,106868416.80726749,0.007898557209020284,LUCIANA GENRO,PSOL,0.01549824145054802,-0.7599684241527735,Referência: persistência partidária
2014,1,MARIA OSMARINA MARINA DA SILVA VAZ DE LIMA,106868416.80726749,0.15569424016021405,MARINA SILVA,PSB,0.2131879298162934,-5.7493689656079345,Referência: persistência partidária
2014,1,MAURO LUIS IASI,106868416.80726749,0.0011568483840672043,MAURO IASI,PCB,0.00045994281193452246,0.06969055721326818,Referência: persistência partidária
2014,1,RUI COSTA PIMENTA,106868416.80726749,0.0009497695484789008,RUI COSTA PIMENTA,PCO,0.00011847288565745751,0.08312966628214433,Referência: persistência partidária
2014,1,AECIO NEVES DA CUNHA,106868416.80726749,0.09090909090909091,AÉCIO NEVES,PSDB,0.3354733275370958,-24.45642366280049,Referência: divisão igual
2014,1,DILMA VANA ROUSSEFF,106868416.80726749,0.09090909090909091,DILMA,PT,0.41594007494553986,-32.50309840364489,Referência: divisão igual
2014,1,EDUARDO JORGE MARTINS ALVES SOBRINHO,106868416.80726749,0.09090909090909091,EDUARDO JORGE,PV,0.006057257934102428,8.485183297498848,Referência: divisão igual
2014,1,EVERALDO DIAS PEREIRA,106868416.80726749,0.09090909090909091,PASTOR EVERALDO,PSC,0.0075032154660142104,8.34058754430767,Referência: divisão igual
2014,1,JOSE LEVY FIDELIX DA CRUZ,106868416.80726749,0.09090909090909091,LEVY FIDELIX,PRTB,0.004295920658620034,8.661317025047088,Referência: divisão igual
2014,1,JOSE MARIA DE ALMEIDA,106868416.80726749,0.09090909090909091,ZÉ MARIA,PSTU,0.0008768089441683741,9.003228196492254,Referência: divisão igual
2014,1,JOSE MARIA EYMAEL,106868416.80726749,0.09090909090909091,EYMAEL,PSDC,0.0005888075500259066,9.0320283359065,Referência: divisão igual
2014,1,LUCIANA KREBS GENRO,106868416.80726749,0.09090909090909091,LUCIANA GENRO,PSOL,0.01549824145054802,7.541084945854289,Referência: divisão igual
2014,1,MARIA OSMARINA MARINA DA SILVA VAZ DE LIMA,106868416.80726749,0.09090909090909091,MARINA SILVA,PSB,0.2131879298162934,-12.227883890720248,Referência: divisão igual
2014,1,MAURO LUIS IASI,106868416.80726749,0.09090909090909091,MAURO IASI,PCB,0.00045994281193452246,9.044914809715639,Referência: divisão igual
2014,1,RUI COSTA PIMENTA,106868416.80726749,0.09090909090909091,RUI COSTA PIMENTA,PCO,0.00011847288565745751,9.079061802343345,Referência: divisão igual
2014,2,AECIO NEVES DA CUNHA,104630288.45087512,0.4107024379995641,AÉCIO NEVES,PSDB,0.4836086389763465,-7.290620097678241,Rede neural (MLP)
2014,2,DILMA VANA ROUSSEFF,104630288.45087512,0.5892975620004358,DILMA,PT,0.5163913610236536,7.290620097678224,Rede neural (MLP)
2014,2,AECIO NEVES DA CUNHA,104630288.45087512,0.43925795325288686,AÉCIO NEVES,PSDB,0.4836086389763465,-4.435068572345963,Referência: persistência partidária
2014,2,DILMA VANA ROUSSEFF,104630288.45087512,0.5607420467471133,DILMA,PT,0.5163913610236536,4.435068572345968,Referência: persistência partidária
2014,2,AECIO NEVES DA CUNHA,104630288.45087512,0.5,AÉCIO NEVES,PSDB,0.4836086389763465,1.6391361023653517,Referência: divisão igual
2014,2,DILMA VANA ROUSSEFF,104630288.45087512,0.5,DILMA,PT,0.5163913610236536,-1.6391361023653572,Referência: divisão igual
2018,1,ALVARO FERNANDES DIAS,107422118.6633655,0.003441174458188311,ALVARO DIAS,PODE,0.00802984573232645,-0.4588671274138139,Rede neural (MLP)
2018,1,BENEVENUTO DACIOLO FONSECA DOS SANTOS,107422118.6633655,0.02001339671151589,CABO DACIOLO,PATRI,0.012595175770325531,0.741822094119036,Rede neural (MLP)
2018,1,CIRO FERREIRA GOMES,107422118.6633655,0.0005856454710526957,CIRO GOMES,PDT,0.1246546252562885,-12.406897978523581,Rede neural (MLP)
2018,1,FERNANDO HADDAD,107422118.6633655,0.3059214201868787,FERNANDO HADDAD,PT,0.2927775031261108,1.3143917060767896,Rede neural (MLP)
2018,1,GERALDO JOSE RODRIGUES ALCKMIN FILHO,107422118.6633655,0.17298194843977568,GERALDO ALCKMIN,PSDB,0.04760685980814576,12.537508863162994,Rede neural (MLP)
2018,1,GUILHERME CASTRO BOULOS,107422118.6633655,0.0037119190918540215,GUILHERME BOULOS,PSOL,0.005764761160148445,-0.20528420682944234,Rede neural (MLP)
2018,1,HENRIQUE DE CAMPOS MEIRELLES,107422118.6633655,0.02001339671151589,HENRIQUE MEIRELLES,MDB,0.012040550972698004,0.7972845738817886,Rede neural (MLP)
2018,1,JAIR MESSIAS BOLSONARO,107422118.6633655,0.02001339671151589,JAIR BOLSONARO,PSL,0.4603144813120364,-44.030108460052055,Rede neural (MLP)
2018,1,JOAO DIONISIO FILGUEIRA BARRETO AMOEDO,107422118.6633655,0.02001339671151589,JOÃO AMOÊDO,NOVO,0.025032473149720794,-0.5019076438204904,Rede neural (MLP)
2018,1,JOAO VICENTE FONTELLA GOULART,107422118.6633655,0.02001339671151589,JOÃO GOULART FILHO,PPL,0.0002818849964328601,1.9731511715083032,Rede neural (MLP)
2018,1,JOSE MARIA EYMAEL,107422118.6633655,0.0010563157582142066,EYMAEL,DC,0.0003896282874209502,0.06666874707932564,Rede neural (MLP)
2018,1,MARIA OSMARINA MARINA DA SILVA VAZ DE LIMA,107422118.6633655,0.4091425501040778,MARINA SILVA,REDE,0.009991317295687488,39.91512328083903,Rede neural (MLP)
2018,1,VERA LUCIA PEREIRA DA SILVA SALGADO,107422118.6633655,0.003092042932379202,VERA,PSTU,0.0005208931326580443,0.2571149799721158,Rede neural (MLP)
2018,1,ALVARO FERNANDES DIAS,107422118.6633655,0.008546558256730317,ALVARO DIAS,PODE,0.00802984573232645,0.05167125244038666,Referência: persistência partidária
2018,1,BENEVENUTO DACIOLO FONSECA DOS SANTOS,107422118.6633655,0.0009980036910373826,CABO DACIOLO,PATRI,0.012595175770325531,-1.1597172079288147,Referência: persistência partidária
2018,1,CIRO FERREIRA GOMES,107422118.6633655,0.0009980036910373826,CIRO GOMES,PDT,0.1246546252562885,-12.365662156525111,Referência: persistência partidária
2018,1,FERNANDO HADDAD,107422118.6633655,0.41400100034248116,FERNANDO HADDAD,PT,0.2927775031261108,12.122349721637038,Referência: persistência partidária
2018,1,GERALDO JOSE RODRIGUES ALCKMIN FILHO,107422118.6633655,0.3364015651241731,GERALDO ALCKMIN,PSDB,0.04760685980814576,28.87947053160273,Referência: persistência partidária
2018,1,GUILHERME CASTRO BOULOS,107422118.6633655,0.016547235319130753,GUILHERME BOULOS,PSOL,0.005764761160148445,1.078247415898231,Referência: persistência partidária
2018,1,HENRIQUE DE CAMPOS MEIRELLES,107422118.6633655,0.0009980036910373826,HENRIQUE MEIRELLES,MDB,0.012040550972698004,-1.1042547281660622,Referência: persistência partidária
2018,1,JAIR MESSIAS BOLSONARO,107422118.6633655,0.0009980036910373826,JAIR BOLSONARO,PSL,0.4603144813120364,-45.9316477620999,Referência: persistência partidária
2018,1,JOAO DIONISIO FILGUEIRA BARRETO AMOEDO,107422118.6633655,0.0009980036910373826,JOÃO AMOÊDO,NOVO,0.025032473149720794,-2.403446945868341,Referência: persistência partidária
2018,1,JOAO VICENTE FONTELLA GOULART,107422118.6633655,0.0009980036910373826,JOÃO GOULART FILHO,PPL,0.0002818849964328601,0.07161186946045225,Referência: persistência partidária
2018,1,JOSE MARIA EYMAEL,107422118.6633655,0.0016079002137187827,EYMAEL,DC,0.0003896282874209502,0.12182719262978324,Referência: persistência partidária
2018,1,MARIA OSMARINA MARINA DA SILVA VAZ DE LIMA,107422118.6633655,0.21502663737278005,MARINA SILVA,REDE,0.009991317295687488,20.503532007709257,Referência: persistência partidária
2018,1,VERA LUCIA PEREIRA DA SILVA SALGADO,107422118.6633655,0.001881081224761626,VERA,PSTU,0.0005208931326580443,0.13601880921035817,Referência: persistência partidária
2018,1,ALVARO FERNANDES DIAS,107422118.6633655,0.07692307692307693,ALVARO DIAS,PODE,0.00802984573232645,6.889323119075047,Referência: divisão igual
2018,1,BENEVENUTO DACIOLO FONSECA DOS SANTOS,107422118.6633655,0.07692307692307693,CABO DACIOLO,PATRI,0.012595175770325531,6.43279011527514,Referência: divisão igual
2018,1,CIRO FERREIRA GOMES,107422118.6633655,0.07692307692307693,CIRO GOMES,PDT,0.1246546252562885,-4.773154833321157,Referência: divisão igual
2018,1,FERNANDO HADDAD,107422118.6633655,0.07692307692307693,FERNANDO HADDAD,PT,0.2927775031261108,-21.585442620303386,Referência: divisão igual
2018,1,GERALDO JOSE RODRIGUES ALCKMIN FILHO,107422118.6633655,0.07692307692307693,GERALDO ALCKMIN,PSDB,0.04760685980814576,2.9316217114931167,Referência: divisão igual
2018,1,GUILHERME CASTRO BOULOS,107422118.6633655,0.07692307692307693,GUILHERME BOULOS,PSOL,0.005764761160148445,7.115831576292848,Referência: divisão igual
2018,1,HENRIQUE DE CAMPOS MEIRELLES,107422118.6633655,0.07692307692307693,HENRIQUE MEIRELLES,MDB,0.012040550972698004,6.488252595037893,Referência: divisão igual
2018,1,JAIR MESSIAS BOLSONARO,107422118.6633655,0.07692307692307693,JAIR BOLSONARO,PSL,0.4603144813120364,-38.339140438895946,Referência: divisão igual
2018,1,JOAO DIONISIO FILGUEIRA BARRETO AMOEDO,107422118.6633655,0.07692307692307693,JOÃO AMOÊDO,NOVO,0.025032473149720794,5.189060377335614,Referência: divisão igual
2018,1,JOAO VICENTE FONTELLA GOULART,107422118.6633655,0.07692307692307693,JOÃO GOULART FILHO,PPL,0.0002818849964328601,7.6641191926644066,Referência: divisão igual
2018,1,JOSE MARIA EYMAEL,107422118.6633655,0.07692307692307693,EYMAEL,DC,0.0003896282874209502,7.653344863565597,Referência: divisão igual
2018,1,MARIA OSMARINA MARINA DA SILVA VAZ DE LIMA,107422118.6633655,0.07692307692307693,MARINA SILVA,REDE,0.009991317295687488,6.693175962738944,Referência: divisão igual
2018,1,VERA LUCIA PEREIRA DA SILVA SALGADO,107422118.6633655,0.07692307692307693,VERA,PSTU,0.0005208931326580443,7.6402183790418885,Referência: divisão igual
2018,2,FERNANDO HADDAD,108986434.61915667,0.8247073537212536,FERNANDO HADDAD,PT,0.44869768719969416,37.60096665215594,Rede neural (MLP)
2018,2,JAIR MESSIAS BOLSONARO,108986434.61915667,0.17529264627874633,JAIR BOLSONARO,PSL,0.5513023128003058,-37.600966652155954,Rede neural (MLP)
2018,2,FERNANDO HADDAD,108986434.61915667,0.9978194972410825,FERNANDO HADDAD,PT,0.44869768719969416,54.91218100413884,Referência: persistência partidária
2018,2,JAIR MESSIAS BOLSONARO,108986434.61915667,0.002180502758917427,JAIR BOLSONARO,PSL,0.5513023128003058,-54.91218100413884,Referência: persistência partidária
2018,2,FERNANDO HADDAD,108986434.61915667,0.5,FERNANDO HADDAD,PT,0.44869768719969416,5.130231280030584,Referência: divisão igual
2018,2,JAIR MESSIAS BOLSONARO,108986434.61915667,0.5,JAIR BOLSONARO,PSL,0.5513023128003058,-5.130231280030584,Referência: divisão igual
2022,1,CIRO FERREIRA GOMES,113774784.55541252,0.04064720510712057,CIRO GOMES,PDT,0.030443166324365535,1.0204038782755034,Rede neural (MLP)
2022,1,JAIR MESSIAS BOLSONARO,113774784.55541252,0.22962480536979218,JAIR BOLSONARO,PL,0.43197552554446994,-20.235072017467775,Rede neural (MLP)
2022,1,JOSE MARIA EYMAEL,113774784.55541252,0.003190731396794655,CONSTITUINTE EYMAEL,DC,0.0001404384628538278,0.3050292933940827,Rede neural (MLP)
2022,1,KELMON LUIS DA SILVA SOUZA,113774784.55541252,0.07722452326493154,PADRE KELMON,PTB,0.000686198027756456,7.653832523717508,Rede neural (MLP)
2022,1,LEONARDO PERICLES VIEIRA ROQUE,113774784.55541252,0.07722452326493154,LÉO PÉRICLES,UP,0.0004526696033169122,7.677185366161463,Rede neural (MLP)
2022,1,LUIZ FELIPE CHAVES D AVILA,113774784.55541252,0.008433056862876778,FELIPE D AVILA,NOVO,0.004734071980666723,0.3698984882210056,Rede neural (MLP)
2022,1,LUIZ INACIO LULA DA SILVA,113774784.55541252,0.14421313646622608,LULA,PT,0.48430719859868737,-34.00940621324613,Rede neural (MLP)
2022,1,SIMONE NASSAR TEBET,113774784.55541252,0.007377894883740413,SIMONE TEBET,MDB,0.041575189737192896,-3.4197294853452487,Rede neural (MLP)
2022,1,SOFIA PADUA MANZANO,113774784.55541252,0.07722452326493154,SOFIA MANZANO,PCB,0.0003858589903271275,7.683866427460441,Rede neural (MLP)
2022,1,SORAYA VIEIRA THRONICKE,113774784.55541252,0.33162739205228137,SORAYA THRONICKE,UNIAO,0.005082943654801378,32.654444839747995,Rede neural (MLP)
2022,1,VERA LUCIA PEREIRA DA SILVA SALGADO,113774784.55541252,0.003212208066373371,VERA,PSTU,0.0002167390755618729,0.29954689908114984,Rede neural (MLP)
2022,1,CIRO FERREIRA GOMES,113774784.55541252,0.09338114973557547,CIRO GOMES,PDT,0.030443166324365535,6.2937983411209935,Referência: persistência partidária
2022,1,JAIR MESSIAS BOLSONARO,113774784.55541252,0.32211617047403795,JAIR BOLSONARO,PL,0.43197552554446994,-10.985935507043198,Referência: persistência partidária
2022,1,JOSE MARIA EYMAEL,113774784.55541252,0.0010103724587302604,CONSTITUINTE EYMAEL,DC,0.0001404384628538278,0.08699339958764325,Referência: persistência partidária
2022,1,KELMON LUIS DA SILVA SOUZA,113774784.55541252,0.0007309909620530643,PADRE KELMON,PTB,0.000686198027756456,0.004479293429660827,Referência: persistência partidária
2022,1,LEONARDO PERICLES VIEIRA ROQUE,113774784.55541252,0.0007309909620530643,LÉO PÉRICLES,UP,0.0004526696033169122,0.02783213587361521,Referência: persistência partidária
2022,1,LUIZ FELIPE CHAVES D AVILA,113774784.55541252,0.01810172147350809,FELIPE D AVILA,NOVO,0.004734071980666723,1.336764949284137,Referência: persistência partidária
2022,1,LUIZ INACIO LULA DA SILVA,113774784.55541252,0.23054475547701772,LULA,PT,0.48430719859868737,-25.37624431216696,Referência: persistência partidária
2022,1,SIMONE NASSAR TEBET,113774784.55541252,0.009427405189757078,SIMONE TEBET,MDB,0.041575189737192896,-3.214778454743582,Referência: persistência partidária
2022,1,SOFIA PADUA MANZANO,113774784.55541252,0.0007309909620530643,SOFIA MANZANO,PCB,0.0003858589903271275,0.034513197172593685,Referência: persistência partidária
2022,1,SORAYA VIEIRA THRONICKE,113774784.55541252,0.32211617047403795,SORAYA THRONICKE,UNIAO,0.005082943654801378,31.703322681923655,Referência: persistência partidária
2022,1,VERA LUCIA PEREIRA DA SILVA SALGADO,113774784.55541252,0.0011092818311763362,VERA,PSTU,0.0002167390755618729,0.08925427556144633,Referência: persistência partidária
2022,1,CIRO FERREIRA GOMES,113774784.55541252,0.09090909090909091,CIRO GOMES,PDT,0.030443166324365535,6.046592458472538,Referência: divisão igual
2022,1,JAIR MESSIAS BOLSONARO,113774784.55541252,0.09090909090909091,JAIR BOLSONARO,PL,0.43197552554446994,-34.1066434635379,Referência: divisão igual
2022,1,JOSE MARIA EYMAEL,113774784.55541252,0.09090909090909091,CONSTITUINTE EYMAEL,DC,0.0001404384628538278,9.076865244623708,Referência: divisão igual
2022,1,KELMON LUIS DA SILVA SOUZA,113774784.55541252,0.09090909090909091,PADRE KELMON,PTB,0.000686198027756456,9.022289288133445,Referência: divisão igual
2022,1,LEONARDO PERICLES VIEIRA ROQUE,113774784.55541252,0.09090909090909091,LÉO PÉRICLES,UP,0.0004526696033169122,9.0456421305774,Referência: divisão igual
2022,1,LUIZ FELIPE CHAVES D AVILA,113774784.55541252,0.09090909090909091,FELIPE D AVILA,NOVO,0.004734071980666723,8.61750189284242,Referência: divisão igual
2022,1,LUIZ INACIO LULA DA SILVA,113774784.55541252,0.09090909090909091,LULA,PT,0.48430719859868737,-39.33981076895965,Referência: divisão igual
2022,1,SIMONE NASSAR TEBET,113774784.55541252,0.09090909090909091,SIMONE TEBET,MDB,0.041575189737192896,4.933390117189802,Referência: divisão igual
2022,1,SOFIA PADUA MANZANO,113774784.55541252,0.09090909090909091,SOFIA MANZANO,PCB,0.0003858589903271275,9.05232319187638,Referência: divisão igual
2022,1,SORAYA VIEIRA THRONICKE,113774784.55541252,0.09090909090909091,SORAYA THRONICKE,UNIAO,0.005082943654801378,8.582614725428954,Referência: divisão igual
2022,1,VERA LUCIA PEREIRA DA SILVA SALGADO,113774784.55541252,0.09090909090909091,VERA,PSTU,0.0002167390755618729,9.069235183352903,Referência: divisão igual
2022,2,JAIR MESSIAS BOLSONARO,111442599.62236638,0.6298555881302953,JAIR BOLSONARO,PL,0.49097594882827844,13.887963930201686,Rede neural (MLP)
2022,2,LUIZ INACIO LULA DA SILVA,111442599.62236638,0.37014441186970454,LULA,PT,0.5090240511717216,-13.887963930201702,Rede neural (MLP)
2022,2,JAIR MESSIAS BOLSONARO,111442599.62236638,0.5105245229832666,JAIR BOLSONARO,PL,0.49097594882827844,1.9548574154988119,Referência: persistência partidária
2022,2,LUIZ INACIO LULA DA SILVA,111442599.62236638,0.48947547701673355,LULA,PT,0.5090240511717216,-1.9548574154988008,Referência: persistência partidária
2022,2,JAIR MESSIAS BOLSONARO,111442599.62236638,0.5,JAIR BOLSONARO,PL,0.49097594882827844,0.9024051171721559,Referência: divisão igual
2022,2,LUIZ INACIO LULA DA SILVA,111442599.62236638,0.5,LULA,PT,0.5090240511717216,-0.9024051171721559,Referência: divisão igual
