sigla_historica,linhagem,observacao
PMDB,MDB,Mudança de nome (2017)
MDB,MDB,
PFL,UNIAO,PFL -> DEM (2007) -> fusão DEM + PSL = UNIÃO (2022)
DEM,UNIAO,Fusão DEM + PSL = UNIÃO (2022)
PSL,UNIAO,Fusão DEM + PSL = UNIÃO (2022)
UNIAO,UNIAO,
PPB,PP,PPB -> PP (2003) -> Progressistas
PP,PP,
PRONA,PL,Fusão PL + PRONA = PR (2006) -> PL (2019)
PR,PL,PR -> PL (2019)
PL,PL,Inclui o PL anterior a 2006 (mesma linhagem via PR)
PGT,PL,Incorporado ao PL (2003)
PST,PL,Incorporado ao PL (2003)
PTN,PODE,PTN -> Podemos (2017)
PHS,PODE,Incorporado ao Podemos (2019)
PSC,PODE,Incorporado ao Podemos (2023)
PODE,PODE,
PTDOB,AVANTE,PT do B -> Avante (2017)
AVANTE,AVANTE,
PSDC,DC,PSDC -> DC (2017)
DC,DC,
PEN,PRD,PEN -> Patriota (2018) -> fusão Patriota + PTB = PRD (2023)
PATRIOTA,PRD,Fusão Patriota + PTB = PRD (2023)
PRP,PRD,Incorporado ao Patriota (2019)
PTB,PRD,Fusão Patriota + PTB = PRD (2023)
PAN,PRD,Incorporado ao PTB (2007)
PRD,PRD,
PPS,CIDADANIA,PPS -> Cidadania (2019)
CIDADANIA,CIDADANIA,
PRB,REPUBLICANOS,PRB -> Republicanos (2019)
REPUBLICANOS,REPUBLICANOS,
PROS,SOLIDARIEDADE,Incorporado ao Solidariedade (2023)
SD,SOLIDARIEDADE,
SOLIDARIEDADE,SOLIDARIEDADE,
PPL,PCDOB,Incorporado ao PCdoB (2019)
PCDOB,PCDOB,
PRN,AGIR,PRN -> PTC (2000) -> Agir (2022)
PTC,AGIR,PTC -> Agir (2022)
AGIR,AGIR,
PMN,MOBILIZA,PMN -> Mobiliza (2024)
MOBILIZA,MOBILIZA,
